,Gene
0,A1CF
1,AAK1
2,ABCA1
3,ABCA7
4,ABCA8
5,ABCB11
6,ABCB4
7,ABCB6
8,ABCC2
9,ABCC3
10,ABCF3
11,ABCG2
12,ABCG5
13,ABCG8
14,ABHD14A-ACY1
15,ABL1
16,AC004922.1
17,AC005020.2
18,AC005258.1
19,AC005837.2
20,AC008687.8
21,AC010326.2
22,AC010422.5
23,AC011448.1
24,AC013489.1
25,AC022335.1
26,AC026464.1
27,AC068234.1
28,AC068775.1
29,AC069368.1
30,AC092143.1
31,AC093899.2
32,AC097637.1
33,AC107959.5
34,AC126283.2
35,AC127029.3
36,AC138811.2
37,AC142391.1
38,ACACB
39,ACAD10
40,ACADS
41,ACADSB
42,ACAN
43,ACAT2
44,ACBD3
45,ACE
46,ACKR2
47,ACO1
48,ACOT8
49,ACRBP
50,ACSS1
51,ACTA2
52,ACTB
53,ACTG1
54,ACTG2
55,ACTN4
56,ACVR1B
57,ACVR1C
58,ACVRL1
59,ACY1
60,AD000671.2
61,ADAM15
62,ADAMTS1
63,ADAMTS13
64,ADAMTS17
65,ADAMTS19
66,ADAMTS3
67,ADAMTS4
68,ADAMTS6
69,ADAMTSL2
70,ADAMTSL4
71,ADCY6
72,ADCY7
73,ADGRE5
74,ADGRG4
75,ADH1B
76,ADORA2B
77,ADPRHL1
78,ADRA1B
79,AEBP1
80,AEN
81,AFG3L2
82,AGER
83,AGPAT4
84,AGR2
85,AHCYL1
86,AHI1
87,AHSP
88,AIFM2
89,AKAP11
90,AKAP12
91,AKIRIN2
92,AKR1B1
93,AKR7A2
94,AKTIP
95,AL049650.1
96,AL049844.3
97,AL121594.1
98,AL121753.1
99,AL162417.1
100,AL512785.2
101,AL583836.1
102,AL645922.1
103,AL662884.4
104,AL669918.1
105,ALAS1
106,ALAS2
107,ALB
108,ALDH16A1
109,ALDH1B1
110,ALDH1L1
111,ALDH5A1
112,ALDH8A1
113,ALDOB
114,ALKAL2
115,ALOX15
116,ALOXE3
117,ALPK3
118,ALPL
119,AMD1
120,AMER3
121,AMIGO1
122,AMN
123,AMOTL1
124,AMPD3
125,ANGPTL3
126,ANGPTL7
127,ANK1
128,ANKFN1
129,ANKH
130,ANKRD27
131,ANKRD42
132,ANKRD46
133,ANKRD9
134,ANKS1B
135,ANKS3
136,ANKZF1
137,ANO1
138,ANO5
139,ANP32D
140,ANTXR1
141,AP002512.3
142,AP002990.1
143,AP1S1
144,APCS
145,APEH
146,APOA1
147,APOA5
148,APOB
149,APOBEC3A
150,APOC3
151,APOE
152,APOOL
153,APP
154,AQP12A
155,AQP12B
156,AQP4
157,AR
158,ARG1
159,ARHGAP1
160,ARHGAP10
161,ARHGAP12
162,ARHGAP21
163,ARHGAP25
164,ARHGAP36
165,ARHGAP39
166,ARHGAP4
167,ARHGAP9
168,ARHGEF12
169,ARHGEF15
170,ARHGEF16
171,ARHGEF40
172,ARHGEF6
173,ARHGEF7
174,ARL6IP4
175,ARMC5
176,ARMS2
177,ARMT1
178,ARPC1B
179,ARPP19
180,ARRDC3
181,ARSA
182,ARSK
183,ASAP1
184,ASB16
185,ASB8
186,ASCL2
187,ASGR1
188,ASGR2
189,ASTN2
190,ATAD2
191,ATAD5
192,ATAT1
193,ATF6B
194,ATG13
195,ATG16L1
196,ATG4C
197,ATG4D
198,ATL1
199,ATM
200,ATOH1
201,ATP11C
202,ATP13A3
203,ATP1A1
204,ATP2A1
205,ATP2A2
206,ATP5MC1
207,ATP5MG
208,ATP6V0E1
209,ATP6V1G1
210,ATP7B
211,ATR
212,ATRIP
213,ATXN2
214,AURKAIP1
215,AVPR1B
216,AXIN1
217,AXL
218,AZGP1
219,B3GAT2
220,B4GALNT3
221,BABAM2
222,BAD
223,BAHD1
224,BAIAP2L1
225,BAIAP3
226,BAK1
227,BARX1
228,BCAM
229,BCAS2
230,BCKDHB
231,BCKDK
232,BCL2L1
233,BCL3
234,BECN1
235,BEST1
236,BEST2
237,BFSP2
238,BHMT
239,BID
240,BIRC5
241,BLVRB
242,BMP2K
243,BMP3
244,BMPR2
245,BORA
246,BPIFB3
247,BPIFB6
248,BRCA2
249,BRD2
250,BRD4
251,BROX
252,BRSK1
253,BRWD3
254,BSN
255,BTN2A1
256,BTN2A2
257,BTN3A3
258,BTNL2
259,C15orf39
260,C16orf70
261,C16orf86
262,C17orf113
263,C18orf21
264,C1QBP
265,C1QTNF5
266,C1QTNF7
267,C1orf112
268,C1orf115
269,C1orf185
270,C1orf194
271,C1orf226
272,C2
273,C20orf194
274,C2CD4A
275,C2orf16
276,C3
277,C3AR1
278,C3orf33
279,C4orf47
280,C5orf58
281,C6orf132
282,C6orf136
283,C6orf15
284,C6orf52
285,C8A
286,C8orf82
287,C9orf135
288,C9orf64
289,CABCOCO1
290,CABIN1
291,CACFD1
292,CACNA1A
293,CACNA1D
294,CACNA1S
295,CACNA2D2
296,CACNG4
297,CACNG6
298,CACTIN
299,CAD
300,CALCA
301,CALCRL
302,CALM2
303,CALM3
304,CAMKK2
305,CAMLG
306,CAP1
307,CAPN12
308,CAPN6
309,CAPZA1
310,CARHSP1
311,CARNMT1
312,CASP1
313,CASR
314,CASTOR2
315,CATSPER3
316,CAVIN2
317,CBLC
318,CBLN4
319,CBX1
320,CC2D2B
321,CCDC112
322,CCDC121
323,CCDC169
324,CCDC198
325,CCDC40
326,CCDC65
327,CCDC85A
328,CCDC88B
329,CCDC96
330,CCL22
331,CCND1
332,CCND3
333,CCNY
334,CCR2
335,CCR3
336,CCT3
337,CCT6B
338,CD1C
339,CD226
340,CD248
341,CD36
342,CD68
343,CDCA4
344,CDK12
345,CDK17
346,CDK8
347,CDKN2A
348,CDSN
349,CDT1
350,CDYL2
351,CEACAM20
352,CEBPD
353,CEBPE
354,CEBPG
355,CEL
356,CELSR2
357,CENPE
358,CEP164
359,CERCAM
360,CERS2
361,CETP
362,CFAP20
363,CFAP46
364,CFAP65
365,CFB
366,CFL1
367,CGGBP1
368,CGNL1
369,CHAC2
370,CHAMP1
371,CHD3
372,CHEK2
373,CHKA
374,CHMP2A
375,CHMP4B
376,CHTF18
377,CHTF8
378,CIB3
379,CIRBP
380,CISH
381,CKAP2L
382,CKAP5
383,CKM
384,CLASRP
385,CLC
386,CLDN10
387,CLDN5
388,CLEC3A
389,CLIC4
390,CLIP1
391,CLNK
392,CLPX
393,CLSPN
394,CLU
395,CMIP
396,CMPK1
397,CMYA5
398,CNN1
399,CNOT1
400,CNOT8
401,CNPY2
402,CNTROB
403,COL11A2
404,COL16A1
405,COL17A1
406,COL1A1
407,COL21A1
408,COL25A1
409,COL27A1
410,COL4A3
411,COL7A1
412,COL8A2
413,COLGALT2
414,COMMD1
415,COMMD10
416,COPG1
417,COPS3
418,COQ4
419,CORO1B
420,COX16
421,CPNE1
422,CPNE7
423,CPO
424,CPT1A
425,CPXM1
426,CPZ
427,CRAMP1
428,CRBN
429,CREB3L1
430,CREB3L3
431,CREBZF
432,CRHR1
433,CRIP3
434,CRISPLD2
435,CRLF3
436,CROCC
437,CRTAC1
438,CRY2
439,CSF1R
440,CSF2RB
441,CSF3
442,CSF3R
443,CSGALNACT1
444,CSNK1A1
445,CSNK2B
446,CSPG4
447,CST2
448,CST3
449,CST9
450,CST9L
451,CSTF1
452,CT45A10
453,CTDSPL2
454,CTNNA2
455,CTSA
456,CTU2
457,CUBN
458,CUL3
459,CUL4A
460,CUL7
461,CUX2
462,CXCR2
463,CXCR5
464,CXXC4
465,CYB561A3
466,CYB561D2
467,CYLC2
468,CYP11A1
469,CYP11B1
470,CYP1A2
471,CYP21A2
472,CYP24A1
473,CYP27B1
474,CYP2A6
475,CYP2B6
476,CYP2C18
477,CYP2R1
478,CYP3A7
479,CYP3A7-CYP3A51P
480,CYS1
481,CYTL1
482,DAAM2
483,DAGLB
484,DAXX
485,DBH
486,DBT
487,DCAF12
488,DCDC2
489,DDR1
490,DDR2
491,DDX42
492,DDX5
493,DEF6
494,DEFB106B
495,DEFB114
496,DENND2C
497,DENND6A
498,DET1
499,DEXI
500,DGAT2
501,DGKA
502,DGKD
503,DGKH
504,DGKZ
505,DHCR7
506,DHRS1
507,DHRS13
508,DHRSX
509,DHX16
510,DHX38
511,DIAPH1
512,DKK1
513,DLX3
514,DMRTB1
515,DMTF1
516,DNAH1
517,DNAH12
518,DNAH2
519,DNAH3
520,DNAH8
521,DNAJB8
522,DNAJC13
523,DNAJC15
524,DNAJC19
525,DND1
526,DNM1L
527,DNM2
528,DNMT3A
529,DNMT3L
530,DOCK6
531,DOCK8
532,DOK2
533,DOT1L
534,DPEP1
535,DPP3
536,DPP4
537,DPP9
538,DPPA4
539,DPYSL2
540,DRD5
541,DUSP16
542,DUSP23
543,DUSP9
544,DYNC1H1
545,DYNLL2
546,DYNLT3
547,E2F2
548,E2F4
549,E4F1
550,ECE1
551,ECHDC1
552,ECSCR
553,EDEM1
554,EEF1AKMT4
555,EEF1AKMT4-ECE2
556,EEF1AKNMT
557,EEF1E1
558,EEF1E1-BLOC1S5
559,EEF2
560,EFCAB2
561,EFR3A
562,EGFL8
563,EGLN2
564,EHD2
565,EIF1
566,EIF1B
567,EIF2AK1
568,EIF2AK4
569,EIF2B2
570,EIF2B5
571,EIF3G
572,EIF3J
573,EIF3L
574,EIF4A1
575,EIF4E3
576,EIF5A
577,EIF5B
578,EIF6
579,ELF3
580,ELN
581,ELOVL4
582,ELP2
583,ELP5
584,EMC8
585,EML4
586,ENPP1
587,ENPP2
588,ENTPD7
589,EP300
590,EPB41
591,EPB41L5
592,EPB42
593,EPHA1
594,EPHA4
595,EPO
596,EPX
597,EQTN
598,ERAS
599,ERBB2
600,ERBB3
601,ERBB4
602,ERCC3
603,ERMAP
604,ERVV-2
605,ESR1
606,ESRRA
607,ETFDH
608,ETV6
609,ETV7
610,EVI2B
611,EXD1
612,EXO1
613,EXOC3L2
614,EXOC3L4
615,EYA2
616,F7
617,FAAH2
618,FAM104A
619,FAM104B
620,FAM111A
621,FAM117A
622,FAM169A
623,FAM185A
624,FAM186B
625,FAM20C
626,FAM214A
627,FAM234A
628,FAM24B
629,FAM47E
630,FAM53A
631,FAM83E
632,FAM9A
633,FBLN2
634,FBLN7
635,FBN1
636,FBN2
637,FBXL12
638,FBXL14
639,FBXL16
640,FBXL19
641,FBXL3
642,FBXL5
643,FBXW5
644,FBXW9
645,FCGR2A
646,FCGR2B
647,FCGR3A
648,FCGRT
649,FDFT1
650,FDX2
651,FEN1
652,FER
653,FERMT3
654,FEZF1
655,FGA
656,FGB
657,FGD5
658,FGF1
659,FGF23
660,FGF9
661,FGFR3
662,FGG
663,FHOD1
664,FHOD3
665,FIBIN
666,FIGNL1
667,FKBP1A
668,FKBP4
669,FLAD1
670,FLG
671,FLI1
672,FLNA
673,FLNB
674,FLOT1
675,FLT3
676,FMNL3
677,FMO4
678,FN3K
679,FNBP1L
680,FNDC1
681,FNDC3B
682,FNIP1
683,FOSB
684,FOXA3
685,FOXG1
686,FOXN1
687,FREM3
688,FRRS1L
689,FRZB
690,FSD2
691,FSIP2
692,FUT2
693,FXR2
694,FXYD1
695,FXYD7
696,FZD7
697,G6PC
698,G6PC2
699,G6PC3
700,G6PD
701,GAGE13
702,GALK1
703,GALNT5
704,GALR2
705,GATA5
706,GATM
707,GBA
708,GBGT1
709,GCK
710,GCKR
711,GCNT1
712,GCNT4
713,GCSAM
714,GCSAML
715,GCSAML-AS1
716,GET4
717,GFI1B
718,GFOD2
719,GFPT2
720,GFRA2
721,GGN
722,GGNBP2
723,GGT1
724,GGTLC1
725,GH1
726,GHRH
727,GHRHR
728,GHSR
729,GIGYF1
730,GINS4
731,GIP
732,GIPC2
733,GIPR
734,GJB1
735,GJD3
736,GLTPD2
737,GMPR
738,GNA12
739,GNA13
740,GNAL
741,GNB1
742,GNL1
743,GNL2
744,GORASP1
745,GORASP2
746,GOT1
747,GP1BA
748,GP1BB
749,GP9
750,GPAM
751,GPER1
752,GPLD1
753,GPR173
754,GPR176
755,GPR35
756,GPR37L1
757,GPSM3
758,GPX8
759,GRAMD1A
760,GRAMD2A
761,GRB7
762,GREB1
763,GREM2
764,GRIA4
765,GRIN1
766,GRK6
767,GRM3
768,GRM4
769,GRTP1
770,GSDMB
771,GSE1
772,GTF2A2
773,GTF2E2
774,GTF2H1
775,GTF2I
776,GTPBP2
777,GUCY1A1
778,GUCY2D
779,GYG1
780,GYPA
781,GYPC
782,GZF1
783,HAL
784,HAMP
785,HAPLN2
786,HAPLN3
787,HBA1
788,HBA2
789,HBB
790,HBE1
791,HBM
792,HCN3
793,HCN4
794,HCRTR2
795,HDAC6
796,HDDC3
797,HDGFL2
798,HEATR6
799,HEATR9
800,HECTD4
801,HELB
802,HHATL
803,HIF1AN
804,HIGD1A
805,HIRA
806,HJURP
807,HK1
808,HLA-C
809,HLA-DOB
810,HLA-DPA1
811,HLA-DQA2
812,HLA-DQB1
813,HLA-DQB2
814,HLA-DRB5
815,HLA-E
816,HLTF
817,HMG20B
818,HMGA2
819,HMGCL
820,HNF1A
821,HNF1B
822,HNF4A
823,HOOK3
824,HOXB13
825,HPD
826,HPN
827,HR
828,HRAS
829,HRG
830,HSCB
831,HSD11B2
832,HSF1
833,HSPA6
834,HSPG2
835,HTR2B
836,HUWE1
837,HYAL2
838,HYLS1
839,IFITM5
840,IFNA13
841,IFNA21
842,IFNLR1
843,IFRD2
844,IFT122
845,IFT172
846,IGF1R
847,IGF2BP2
848,IGFALS
849,IGFBP3
850,IGLL5
851,IGSF1
852,IGSF10
853,IGSF23
854,IGSF6
855,IHH
856,IKZF2
857,IL17RA
858,IL17RD
859,IL18RAP
860,IL1A
861,IL23A
862,IL27RA
863,IL5
864,IL5RA
865,INPP5D
866,INSC
867,INSR
868,INSRR
869,INTS13
870,INTS9
871,IPO7
872,IQCC
873,IQCF5
874,IQGAP2
875,IRAK1
876,IRAK2
877,IRF3
878,IRF8
879,IRF9
880,IRS4
881,IRX2
882,IRX6
883,ITGA2B
884,ITGAL
885,ITGB2
886,ITIH3
887,ITIH4
888,ITPR3
889,IZUMO1R
890,JAK1
891,JAK2
892,JAML
893,JAZF1
894,JKAMP
895,JMJD1C
896,JMJD4
897,JOSD2
898,JPT1
899,JRKL
900,KALRN
901,KAT2B
902,KAT5
903,KBTBD12
904,KBTBD6
905,KBTBD8
906,KCNA7
907,KCNIP4
908,KCNJ5
909,KCNJ8
910,KCNK16
911,KCNK3
912,KCNS3
913,KCNV1
914,KDM2B
915,KDM5B
916,KDM6B
917,KEAP1
918,KHDRBS1
919,KIAA0100
920,KIAA0319L
921,KIAA1522
922,KIAA1586
923,KIAA1958
924,KIF7
925,KIF9
926,KIFC1
927,KISS1
928,KLC2
929,KLF4
930,KLHDC9
931,KLHL15
932,KLHL20
933,KLRC1
934,KMT5A
935,KNTC1
936,KRI1
937,KRT19
938,KRT4
939,KRTAP13-3
940,KRTAP19-4
941,KRTAP21-2
942,KRTAP22-1
943,KRTAP5-2
944,KRTAP8-1
945,KSR2
946,L2HGDH
947,LACTB
948,LAMA3
949,LAPTM4A
950,LAPTM5
951,LARGE2
952,LCAT
953,LCN8
954,LDLR
955,LDLRAD2
956,LDLRAD4
957,LEPR
958,LGR5
959,LIAS
960,LIF
961,LILRB5
962,LINGO2
963,LIPC
964,LIPG
965,LMOD1
966,LMX1B
967,LNPK
968,LOXL2
969,LPA
970,LPL
971,LPP
972,LRP1
973,LRP10
974,LRP2
975,LRP4
976,LRP5
977,LRR1
978,LRRC66
979,LRRC74A
980,LRRC75B
981,LRRC8A
982,LRRC8D
983,LSM1
984,LSMEM1
985,LST1
986,LTBP3
987,LTBP4
988,LXN
989,LY6G6C
990,LY6G6F
991,LY6G6F-LY6G6D
992,LY75
993,LY75-CD302
994,LYZ
995,LYZL6
996,LZTS2
997,LZTS3
998,MAGEH1
999,MAGIX
1000,MAGOHB
1001,MAK16
1002,MAMDC2
1003,MAN1A1
1004,MAN1C1
1005,MAN2A1
1006,MAP2K2
1007,MAP3K10
1008,MAP3K11
1009,MAP3K15
1010,MAP3K4
1011,MAPK8
1012,MAPK8IP1
1013,MAPRE3
1014,MAS1
1015,MAS1L
1016,MASTL
1017,MB21D2
1018,MBOAT7
1019,MC1R
1020,MC3R
1021,MC4R
1022,MCCD1
1023,MCF2L
1024,MCTP1
1025,MDC1
1026,ME2
1027,ME3
1028,MED12
1029,MED20
1030,MED22
1031,MED7
1032,MEPCE
1033,MEPE
1034,MEST
1035,METAP1
1036,METRN
1037,METTL5
1038,MEX3A
1039,MFSD12
1040,MFSD2A
1041,MFSD2B
1042,MFSD3
1043,MFSD4A
1044,MFSD9
1045,MICA
1046,MICAL1
1047,MICAL3
1048,MICB
1049,MIF4GD
1050,MINDY3
1051,MIP
1052,MIPEP
1053,MITF
1054,MKRN2
1055,MLF1
1056,MLLT3
1057,MLXIP
1058,MLXIPL
1059,MNT
1060,MOB1B
1061,MOB3A
1062,MOB3C
1063,MOGAT3
1064,MORN3
1065,MPDU1
1066,MPL
1067,MPND
1068,MPO
1069,MPZ
1070,MROH2A
1071,MRPL1
1072,MRPL18
1073,MRPL20
1074,MRPL9
1075,MRPS15
1076,MRS2
1077,MS4A4E
1078,MS4A6A
1079,MSR1
1080,MSTN
1081,MT1B
1082,MT1M
1083,MTDH
1084,MTERF4
1085,MTMR11
1086,MTMR2
1087,MTMR9
1088,MTNR1B
1089,MUC22
1090,MUC3A
1091,MUCL3
1092,MUTYH
1093,MYBPC3
1094,MYCBP2
1095,MYD88
1096,MYH2
1097,MYH6
1098,MYH7
1099,MYH9
1100,MYL12B
1101,MYL9
1102,MYLK
1103,MYO9B
1104,MYOC
1105,MYPN
1106,MYSM1
1107,NAA25
1108,NAA80
1109,NACC1
1110,NAGS
1111,NAMPT
1112,NBN
1113,NBPF3
1114,NCAPG2
1115,NCOA5
1116,NCR3
1117,NDUFA13
1118,NECTIN2
1119,NEK7
1120,NEK9
1121,NELFCD
1122,NELFE
1123,NEU4
1124,NEURL2
1125,NEURL4
1126,NF1
1127,NFASC
1128,NFAT5
1129,NFE2
1130,NFIC
1131,NFKBID
1132,NFKBIZ
1133,NGEF
1134,NHLRC1
1135,NHLRC2
1136,NKAPL
1137,NKD2
1138,NKPD1
1139,NKTR
1140,NKX2-3
1141,NLGN2
1142,NLRP3
1143,NLRP6
1144,NLRX1
1145,NMNAT3
1146,NMT1
1147,NOL4L
1148,NOP14
1149,NOS3
1150,NOSTRIN
1151,NOTCH4
1152,NOX4
1153,NOXRED1
1154,NPAS4
1155,NPC1
1156,NPC1L1
1157,NPHP3
1158,NPHS1
1159,NPIPB11
1160,NPR2
1161,NPR3
1162,NPRL3
1163,NR0B2
1164,NR1H3
1165,NR1H4
1166,NR1I2
1167,NR1I3
1168,NR2E1
1169,NR2F1
1170,NR3C2
1171,NRBF2
1172,NRBP1
1173,NRF1
1174,NRG2
1175,NRK
1176,NRN1
1177,NT5C1B
1178,NTN3
1179,NUDT21
1180,NUDT8
1181,NUFIP2
1182,NUP37
1183,NUP88
1184,NUTF2
1185,OBSCN
1186,OCA2
1187,OCIAD2
1188,OLFML2A
1189,OPCML
1190,OPN4
1191,OR10A5
1192,OR10C1
1193,OR10R2
1194,OR10T2
1195,OR12D2
1196,OR2C3
1197,OR2H1
1198,OR2L5
1199,OR2M3
1200,OR2T12
1201,OR4K13
1202,OR52N5
1203,OR56A3
1204,OR5AK2
1205,OR5M9
1206,OR5V1
1207,OR6C75
1208,OR6K2
1209,OR6N2
1210,OR6Y1
1211,OR8U1
1212,ORAI3
1213,ORC2
1214,ORMDL2
1215,ORMDL3
1216,OSCP1
1217,OSGIN1
1218,OSMR
1219,OTX1
1220,OVOL1
1221,P2RX7
1222,PABPN1L
1223,PACS2
1224,PACSIN1
1225,PADI4
1226,PAGE4
1227,PAH
1228,PAK5
1229,PAPOLA
1230,PAPPA2
1231,PARD3
1232,PARD6A
1233,PARP11
1234,PARP14
1235,PARP9
1236,PARPBP
1237,PARVB
1238,PAX3
1239,PBX1
1240,PC
1241,PCBP4
1242,PCDH12
1243,PCDHB10
1244,PCDHGA2
1245,PCDHGA4
1246,PCDHGA8
1247,PCDHGA9
1248,PCDHGB5
1249,PCDHGB6
1250,PCDHGB7
1251,PCDHGC4
1252,PCK1
1253,PCLAF
1254,PCNX3
1255,PCP4L1
1256,PCSK2
1257,PCSK9
1258,PCYOX1
1259,PDE1B
1260,PDE3B
1261,PDGFRA
1262,PDGFRB
1263,PDK3
1264,PDLIM5
1265,PDPR
1266,PDX1
1267,PEAR1
1268,PELO
1269,PER3
1270,PEX10
1271,PFAS
1272,PFKFB1
1273,PFKL
1274,PFKM
1275,PFKP
1276,PFN1
1277,PGAM5
1278,PGGHG
1279,PGM2L1
1280,PHC3
1281,PHEX
1282,PHKB
1283,PHLDA1
1284,PHLDA3
1285,PHOSPHO1
1286,PHYHIPL
1287,PI16
1288,PIAS3
1289,PIEZO1
1290,PIGA
1291,PIGQ
1292,PIK3CG
1293,PILRA
1294,PIM2
1295,PITPNA
1296,PKD1
1297,PKHD1
1298,PKLR
1299,PLA1A
1300,PLA2G10
1301,PLA2G12A
1302,PLA2G5
1303,PLCB3
1304,PLCD1
1305,PLCG1
1306,PLD1
1307,PLD2
1308,PLEC
1309,PLEK
1310,PLEKHO1
1311,PLEKHO2
1312,PLG
1313,PLPPR2
1314,PLSCR4
1315,PLTP
1316,PLVAP
1317,PLXNB3
1318,PMM2
1319,PMPCA
1320,PMVK
1321,PNLDC1
1322,PNLIP
1323,PNMT
1324,PNP
1325,POLE3
1326,POLR1D
1327,POLR2G
1328,POLR2J
1329,POLR3B
1330,POM121L2
1331,POMC
1332,PON2
1333,POP7
1334,POR
1335,POU3F3
1336,PPA2
1337,PPARA
1338,PPARG
1339,PPBP
1340,PPEF1
1341,PPEF2
1342,PPIL2
1343,PPM1J
1344,PPM1K
1345,PPP1R13L
1346,PPP1R18
1347,PPP1R35
1348,PPP1R37
1349,PPP1R3F
1350,PPP2R2B
1351,PPP2R5A
1352,PPP4R1
1353,PRC1
1354,PREB
1355,PRELID3B
1356,PRICKLE3
1357,PRKCG
1358,PRM3
1359,PROC
1360,PROS1
1361,PRPH
1362,PRR12
1363,PRR29
1364,PRRC2A
1365,PRRC2C
1366,PRRG3
1367,PRRT1
1368,PRSS1
1369,PRSS35
1370,PRSS56
1371,PSMB5
1372,PSMB6
1373,PSMB9
1374,PSMD2
1375,PSORS1C1
1376,PSORS1C2
1377,PSRC1
1378,PTCH1
1379,PTGFR
1380,PTH1R
1381,PTK7
1382,PTPN11
1383,PTPN7
1384,PTPRH
1385,PVR
1386,PXN
1387,PXT1
1388,PYCR2
1389,PYM1
1390,QPCTL
1391,QRICH1
1392,QSOX1
1393,QTRT1
1394,R3HDM4
1395,RAB11FIP1
1396,RAB14
1397,RAB22A
1398,RAB24
1399,RAB31
1400,RAB38
1401,RAB39A
1402,RAB3IL1
1403,RAB44
1404,RAB7A
1405,RAB9B
1406,RABGEF1
1407,RAD51AP1
1408,RALGDS
1409,RANBP10
1410,RAP1GAP
1411,RAPGEFL1
1412,RASAL3
1413,RASGRP2
1414,RASGRP4
1415,RASSF1
1416,RAVER1
1417,RBFA
1418,RBKS
1419,RBM14
1420,RBM22
1421,RBM24
1422,RBM47
1423,RC3H1
1424,RCC1L
1425,RCL1
1426,RCOR3
1427,RCVRN
1428,RDH5
1429,RECK
1430,RECQL4
1431,REG1B
1432,REG3A
1433,REL
1434,REXO4
1435,RFLNB
1436,RFNG
1437,RFTN2
1438,RGL2
1439,RGS12
1440,RGS19
1441,RHAG
1442,RHBDL1
1443,RHCE
1444,RHD
1445,RHOD
1446,RHOF
1447,RHOQ
1448,RIC8A
1449,RIMS1
1450,RIN1
1451,RIOK3
1452,RIPOR1
1453,RIPOR2
1454,RIPOR3
1455,RLN2
1456,RMND5A
1457,RNF123
1458,RNF128
1459,RNF149
1460,RNF19B
1461,RNF2
1462,RNF4
1463,RNFT1
1464,RNPEPL1
1465,ROCK1
1466,ROGDI
1467,RP1L1
1468,RPL10
1469,RPL14
1470,RPL15
1471,RPL19
1472,RPL26
1473,RPL35A
1474,RPL3L
1475,RPL4
1476,RPL5
1477,RPN1
1478,RPS25
1479,RPS6KA4
1480,RPS6KB2
1481,RPS9
1482,RPTOR
1483,RRAGC
1484,RRAS
1485,RRM1
1486,RSRP1
1487,RTL9
1488,RTTN
1489,RUFY2
1490,RUFY3
1491,RUFY4
1492,RUVBL1
1493,RUVBL2
1494,RXFP2
1495,RYR1
1496,RYR2
1497,S100A10
1498,S100A8
1499,S1PR2
1500,S1PR4
1501,SAG
1502,SALL1
1503,SAMD4A
1504,SAMD4B
1505,SAMD9
1506,SAMHD1
1507,SAPCD1
1508,SARM1
1509,SBK3
1510,SBNO1
1511,SBNO2
1512,SCAF1
1513,SCAF11
1514,SCAMP5
1515,SCAND1
1516,SCAP
1517,SCARA3
1518,SCARB1
1519,SCARB2
1520,SCGN
1521,SCMH1
1522,SCN10A
1523,SCRN3
1524,SCRT1
1525,SCUBE3
1526,SCYL1
1527,SDCBP2
1528,SDHAF3
1529,SEMA4G
1530,SENP3
1531,SENP3-EIF4A1
1532,SENP6
1533,SERAC1
1534,SERINC1
1535,SERP2
1536,SERPINA1
1537,SERPIND1
1538,SERPINH1
1539,SESN3
1540,SETD1B
1541,SETD2
1542,SETD9
1543,SEZ6
1544,SF3B1
1545,SFMBT1
1546,SFXN1
1547,SFXN2
1548,SGCD
1549,SGMS1
1550,SGSM3
1551,SH2B3
1552,SH3TC1
1553,SHANK1
1554,SHB
1555,SHBG
1556,SHC2
1557,SHCBP1
1558,SHOC2
1559,SHOX
1560,SIAH3
1561,SIDT2
1562,SIGLEC1
1563,SIPA1
1564,SIRPG
1565,SIRT3
1566,SIX5
1567,SIX6
1568,SKI
1569,SLA
1570,SLAMF9
1571,SLBP
1572,SLC12A1
1573,SLC12A3
1574,SLC12A7
1575,SLC12A9
1576,SLC14A1
1577,SLC15A2
1578,SLC16A13
1579,SLC16A3
1580,SLC17A2
1581,SLC17A4
1582,SLC1A1
1583,SLC22A1
1584,SLC22A11
1585,SLC22A12
1586,SLC22A13
1587,SLC22A18
1588,SLC22A2
1589,SLC22A3
1590,SLC22A7
1591,SLC24A4
1592,SLC24A5
1593,SLC25A15
1594,SLC25A23
1595,SLC25A24
1596,SLC25A25
1597,SLC25A30
1598,SLC25A45
1599,SLC28A2
1600,SLC2A4
1601,SLC2A6
1602,SLC2A9
1603,SLC30A10
1604,SLC33A1
1605,SLC34A1
1606,SLC34A3
1607,SLC35A2
1608,SLC35F5
1609,SLC35G1
1610,SLC35G6
1611,SLC37A2
1612,SLC39A13
1613,SLC39A4
1614,SLC44A4
1615,SLC45A4
1616,SLC47A1
1617,SLC4A1
1618,SLC4A1AP
1619,SLC4A7
1620,SLC5A2
1621,SLC5A3
1622,SLC5A5
1623,SLC6A18
1624,SLC6A19
1625,SLC6A8
1626,SLC7A9
1627,SLC8A3
1628,SLC9A3R1
1629,SLC9A3R2
1630,SLCO1B1
1631,SLCO1B3
1632,SLCO1C1
1633,SLF1
1634,SLFN14
1635,SLX1A
1636,SMCR8
1637,SMG7
1638,SMIM29
1639,SMN1
1640,SMPD2
1641,SMU1
1642,SNAP29
1643,SNAP47
1644,SNED1
1645,SNUPN
1646,SNX17
1647,SNX32
1648,SNX8
1649,SOCS2
1650,SOD2
1651,SP7
1652,SP9
1653,SPAG5
1654,SPAG7
1655,SPANXN3
1656,SPARC
1657,SPATA6
1658,SPDL1
1659,SPECC1L
1660,SPECC1L-ADORA2A
1661,SPEM1
1662,SPHK1
1663,SPP2
1664,SPRYD3
1665,SPSB3
1666,SPTA1
1667,SPTB
1668,SPTY2D1
1669,SQSTM1
1670,SRC
1671,SRD5A3
1672,SRGN
1673,SRRM2
1674,SRSF9
1675,SS18L2
1676,SSTR4
1677,SSTR5
1678,ST13
1679,ST20
1680,STAB1
1681,STAC2
1682,STAM
1683,STARD3NL
1684,STC2
1685,STK11
1686,STK26
1687,STK38
1688,STMND1
1689,STRADB
1690,STRBP
1691,STRC
1692,STX18
1693,SUGP1
1694,SULT2B1
1695,SURF2
1696,SURF6
1697,SUSD1
1698,SUZ12
1699,SVEP1
1700,SYCE2
1701,SYCE3
1702,SYPL2
1703,SYT17
1704,SYT7
1705,SZT2
1706,TAF5
1707,TAP2
1708,TARS2
1709,TAS2R4
1710,TBC1D22A
1711,TBC1D22B
1712,TBCB
1713,TBX5
1714,TCAP
1715,TCF23
1716,TCF3
1717,TCIRG1
1718,TCL1B
1719,TCOF1
1720,TCP1
1721,TCP11
1722,TCTE1
1723,TCTEX1D1
1724,TDP2
1725,TDRD10
1726,TEAD1
1727,TENT5C
1728,TEX33
1729,TF
1730,TFCP2L1
1731,TFDP2
1732,TFR2
1733,TG
1734,TGFB2
1735,TGFB3
1736,TGFBR3
1737,TGIF2-RAB5IF
1738,TGS1
1739,THBD
1740,THBS3
1741,THBS4
1742,THOC1
1743,THOC2
1744,THPO
1745,THSD4
1746,TIAF1
1747,TIE1
1748,TIMM13
1749,TJAP1
1750,TLR9
1751,TM6SF2
1752,TM9SF4
1753,TMC8
1754,TMEFF2
1755,TMEM102
1756,TMEM106B
1757,TMEM150B
1758,TMEM151A
1759,TMEM160
1760,TMEM161A
1761,TMEM176A
1762,TMEM181
1763,TMEM184C
1764,TMEM217
1765,TMEM218
1766,TMEM233
1767,TMEM236
1768,TMEM248
1769,TMEM249
1770,TMEM256
1771,TMEM256-PLSCR3
1772,TMEM270
1773,TMEM51
1774,TMEM70
1775,TMOD2
1776,TMPRSS6
1777,TNFAIP8L2
1778,TNFRSF10B
1779,TNFRSF11B
1780,TNFRSF13B
1781,TNFRSF17
1782,TNFSF11
1783,TNKS2
1784,TNR
1785,TNRC6A
1786,TNS3
1787,TOMM40
1788,TOP3A
1789,TPCN2
1790,TPGS1
1791,TPH2
1792,TRAF4
1793,TRAIP
1794,TRAPPC1
1795,TRAPPC6A
1796,TREM2
1797,TREML1
1798,TRIM10
1799,TRIM27
1800,TRIM3
1801,TRIM31
1802,TRIM38
1803,TRIM40
1804,TRMT112
1805,TRMT1L
1806,TRPM8
1807,TRPV5
1808,TRRAP
1809,TSBP1
1810,TSC1
1811,TSC2
1812,TSC22D4
1813,TSLP
1814,TSN
1815,TSPAN8
1816,TSSK4
1817,TSTA3
1818,TTC19
1819,TTC21A
1820,TTC22
1821,TTC23
1822,TTC39B
1823,TTI1
1824,TUBA4A
1825,TUBA8
1826,TUBB1
1827,TUBB3
1828,TUBGCP3
1829,TULP2
1830,TUT7
1831,TWNK
1832,TXLNA
1833,TXN
1834,TXNDC11
1835,TXNIP
1836,TYK2
1837,TYMP
1838,U2SURP
1839,UBA7
1840,UBAC2
1841,UBB
1842,UBE2A
1843,UBE2L3
1844,UBE4B
1845,UBIAD1
1846,UBXN10
1847,UFSP1
1848,UGT1A1
1849,UGT1A10
1850,UGT1A3
1851,UGT1A4
1852,UGT1A5
1853,UGT1A6
1854,UGT1A7
1855,UGT1A8
1856,UGT1A9
1857,UGT2B7
1858,UGT8
1859,UMOD
1860,UNC119
1861,UPK2
1862,USP40
1863,USP54
1864,UTP4
1865,UTS2B
1866,VAC14
1867,VASN
1868,VCAN
1869,VCX3A
1870,VDAC3
1871,VDR
1872,VEGFC
1873,VEGFD
1874,VPS16
1875,VPS33A
1876,VPS35
1877,VPS54
1878,VPS9D1
1879,VWA3B
1880,VWA5B1
1881,WAS
1882,WASHC2C
1883,WASHC4
1884,WDHD1
1885,WDR1
1886,WDR6
1887,WDR70
1888,WDR76
1889,WDR83OS
1890,WDR86
1891,WDR90
1892,WIPF2
1893,WLS
1894,WNK4
1895,WNT1
1896,WNT10A
1897,WNT16
1898,WNT4
1899,WNT7A
1900,WRAP53
1901,XAGE2
1902,XDH
1903,XRN2
1904,XRRA1
1905,YIPF3
1906,YJEFN3
1907,YTHDC2
1908,YWHAZ
1909,ZAN
1910,ZBTB16
1911,ZBTB20
1912,ZBTB4
1913,ZC3H12B
1914,ZC3H18
1915,ZCCHC12
1916,ZCCHC24
1917,ZCRB1
1918,ZDHHC4
1919,ZFAND5
1920,ZFAT
1921,ZFP36
1922,ZFYVE16
1923,ZIK1
1924,ZMAT2
1925,ZMYM3
1926,ZMYM6
1927,ZNF10
1928,ZNF12
1929,ZNF140
1930,ZNF146
1931,ZNF17
1932,ZNF180
1933,ZNF200
1934,ZNF213
1935,ZNF219
1936,ZNF222
1937,ZNF227
1938,ZNF229
1939,ZNF250
1940,ZNF251
1941,ZNF26
1942,ZNF3
1943,ZNF316
1944,ZNF343
1945,ZNF366
1946,ZNF383
1947,ZNF410
1948,ZNF420
1949,ZNF436
1950,ZNF467
1951,ZNF469
1952,ZNF518B
1953,ZNF524
1954,ZNF561
1955,ZNF585B
1956,ZNF620
1957,ZNF627
1958,ZNF630
1959,ZNF646
1960,ZNF670
1961,ZNF672
1962,ZNF678
1963,ZNF711
1964,ZNF714
1965,ZNF729
1966,ZNF740
1967,ZNF787
1968,ZNF799
1969,ZNF800
1970,ZNF805
1971,ZNF831
1972,ZNF852
1973,ZNF853
1974,ZNRD1
1975,ZPR1
1976,ZSCAN10
1977,ZSCAN2
1978,ZSCAN30
1979,ZSCAN31
1980,ZSWIM1
